fileName	TOKEN	TOKEN_VOC	POS	LEMMA	LEMMA_VOC
02_Vereinte_Nationen_Rassismus.docx.txt	الأمم	الأُمَمُ	noun	أمة	أُمَّة
02_Vereinte_Nationen_Rassismus.docx.txt	المتحده	المتحده	noun_prop	المتحده	المتحده
02_Vereinte_Nationen_Rassismus.docx.txt	تدعو	تَدْعُو	verb	دعا	دَعا
02_Vereinte_Nationen_Rassismus.docx.txt	إلى	إِلَى	prep	إلى	إِلَى
02_Vereinte_Nationen_Rassismus.docx.txt	إعادة	إِعادَةِ	noun	إعادة	إِعادَة
02_Vereinte_Nationen_Rassismus.docx.txt	تصور	تَصَوُّرِ	noun	تصور	تَصَوُّر
02_Vereinte_Nationen_Rassismus.docx.txt	المساواة	المُساواةِ	noun	مساواة	مُساواة
02_Vereinte_Nationen_Rassismus.docx.txt	من	مِن	prep	من	مِن
02_Vereinte_Nationen_Rassismus.docx.txt	آجل	آجِلِ	noun	آجل	آجِل
02_Vereinte_Nationen_Rassismus.docx.txt	القضاء	القَضاءِ	noun	قضاء	قَضاء
02_Vereinte_Nationen_Rassismus.docx.txt	على	عَلَى	prep	على	عَلَى
02_Vereinte_Nationen_Rassismus.docx.txt	العنصرية	العُنْصُرِيَّةِ	noun	عنصرية	عُنْصُرِيَّة
02_Vereinte_Nationen_Rassismus.docx.txt	والتمييز	وَالتَمْيِيزِ	noun	تمييز	تَمْيِيز
02_Vereinte_Nationen_Rassismus.docx.txt	يرى	يَرَى	verb	راوند	راوَنْد
02_Vereinte_Nationen_Rassismus.docx.txt	عدد	عَدَدٌ	noun	عدد	عَدَد
02_Vereinte_Nationen_Rassismus.docx.txt	من	مِن	prep	من	مِن
02_Vereinte_Nationen_Rassismus.docx.txt	المراقبين	المُراقِبِينَ	noun	مراقب	مُراقِب
02_Vereinte_Nationen_Rassismus.docx.txt	إن	إِن	abbrev	إن	إِن
02_Vereinte_Nationen_Rassismus.docx.txt	العالم	العالَمَ	noun	عالم	عالَم
02_Vereinte_Nationen_Rassismus.docx.txt	يدخل	يَدْخُل	verb	دخل	دَخَل
02_Vereinte_Nationen_Rassismus.docx.txt	ما	ما	pron_rel	ما	ما
02_Vereinte_Nationen_Rassismus.docx.txt	وصفوها	وَصَفُوها	verb	وصف	وَصَف
02_Vereinte_Nationen_Rassismus.docx.txt	ب	ب	noun_prop	ب	ب
02_Vereinte_Nationen_Rassismus.docx.txt	مرحلة	مَرْحَلَةَ	noun	مرحلة	مَرْحَلَة
02_Vereinte_Nationen_Rassismus.docx.txt	ما	ما	pron_rel	ما	ما
02_Vereinte_Nationen_Rassismus.docx.txt	بعد	بُعْدَ	noun	بعد	بُعْد
02_Vereinte_Nationen_Rassismus.docx.txt	التنوير	التَنْوِيرِ	noun	تنوير	تَنْوِير
02_Vereinte_Nationen_Rassismus.docx.txt	التي	الَّتِي	pron_rel	الذي	الَّذِي
02_Vereinte_Nationen_Rassismus.docx.txt	تتلاشى	تَتَلاشَى	verb	تلاشى	تَلاشَى
02_Vereinte_Nationen_Rassismus.docx.txt	فيها	فِيها	prep	في	فِي
02_Vereinte_Nationen_Rassismus.docx.txt	القيم	القَيِّمُ	noun	قيم	قَيِّم
02_Vereinte_Nationen_Rassismus.docx.txt	التنويريه	التنويريه	noun_prop	تنويريه	تنويريه
02_Vereinte_Nationen_Rassismus.docx.txt	،	،	punc	،	،
02_Vereinte_Nationen_Rassismus.docx.txt	بما	بِما	pron_rel	ما	ما
02_Vereinte_Nationen_Rassismus.docx.txt	في	فِي	prep	في	فِي
02_Vereinte_Nationen_Rassismus.docx.txt	ذلك	ذٰلِكَ	pron_dem	ذلك	ذٰلِكَ
02_Vereinte_Nationen_Rassismus.docx.txt	التسامح	التَسامُحُ	noun	تسامح	تَسامُح
02_Vereinte_Nationen_Rassismus.docx.txt	والاحترام	وَالاِحْتِرامُ	noun	ٱحترام	ٱِحْتِرام
02_Vereinte_Nationen_Rassismus.docx.txt	المتبادل	المُتَبادَلُ	adj	متبادل	مُتَبادَل
02_Vereinte_Nationen_Rassismus.docx.txt	ليحل	ليحل	noun_prop	ليحل	ليحل
02_Vereinte_Nationen_Rassismus.docx.txt	مكانها	مَكانَها	noun	مكان	مَكان
02_Vereinte_Nationen_Rassismus.docx.txt	تنامي	تَنامِي	noun	تنامي	تَنامِي
02_Vereinte_Nationen_Rassismus.docx.txt	المغالاة	المُغالاةِ	noun	مغالاة	مُغالاة
02_Vereinte_Nationen_Rassismus.docx.txt	في	فِي	prep	في	فِي
02_Vereinte_Nationen_Rassismus.docx.txt	القومية	القَوْمِيَّةِ	noun	قومية	قَوْمِيَّة
02_Vereinte_Nationen_Rassismus.docx.txt	،	،	punc	،	،
02_Vereinte_Nationen_Rassismus.docx.txt	والشعبويه	وَالشعبويه	noun_prop	شعبويه	شعبويه
02_Vereinte_Nationen_Rassismus.docx.txt	،	،	punc	،	،
02_Vereinte_Nationen_Rassismus.docx.txt	وكراهية	وَكَراهِيَّةِ	noun	كراهية	كَراهِيَّة
02_Vereinte_Nationen_Rassismus.docx.txt	الأجانب	الأَجانِبِ	noun	أجنبي	أَجْنَبِيّ
02_Vereinte_Nationen_Rassismus.docx.txt	،	،	punc	،	،
02_Vereinte_Nationen_Rassismus.docx.txt	والاعتقاد	وَالاِعْتِقادِ	noun	ٱعتقاد	ٱِعْتِقاد
02_Vereinte_Nationen_Rassismus.docx.txt	بتفوق	بِتَفَوُّق	noun	تفوق	تَفَوُّق
02_Vereinte_Nationen_Rassismus.docx.txt	العنصر	العُنْصُرَ	noun	عنصر	عُنْصُر
02_Vereinte_Nationen_Rassismus.docx.txt	الأبيض	الأَبْيَضَ	noun	أبيض	أَبْيَض
02_Vereinte_Nationen_Rassismus.docx.txt	والنازية	وَالنازِيَّةَ	noun	نازي	نازِيّ
02_Vereinte_Nationen_Rassismus.docx.txt	الجديدة	الجَدِيدَةَ	adj	جديد	جَدِيد
02_Vereinte_Nationen_Rassismus.docx.txt	.	.	punc	.	.
02_Vereinte_Nationen_Rassismus.docx.txt	جاء	جاءَ	verb	جاء	جاء
02_Vereinte_Nationen_Rassismus.docx.txt	هذا	هٰذا	pron_dem	هذا	هٰذا
02_Vereinte_Nationen_Rassismus.docx.txt	التحذير	التَحْذِيرُ	noun	تحذير	تَحْذِير
02_Vereinte_Nationen_Rassismus.docx.txt	من	مِن	prep	من	مِن
02_Vereinte_Nationen_Rassismus.docx.txt	أمين	أَمِينِ	noun	أمين	أَمِين
02_Vereinte_Nationen_Rassismus.docx.txt	عام	عامِ	noun	عام	عام
02_Vereinte_Nationen_Rassismus.docx.txt	الأمم	الأُمَمِ	noun	أمة	أُمَّة
02_Vereinte_Nationen_Rassismus.docx.txt	المتحدة	المُتَّحِدَةِ	adj	متحد	مُتَّحِد
02_Vereinte_Nationen_Rassismus.docx.txt	أنطونيو	أَنْطُونِيُو	noun_prop	أنطونيو	أَنْطُونِيُو
02_Vereinte_Nationen_Rassismus.docx.txt	غوتيريش	غوتيريش	noun_prop	غوتيريش	غوتيريش
02_Vereinte_Nationen_Rassismus.docx.txt	الذي	الَّذِي	pron_rel	الذي	الَّذِي
02_Vereinte_Nationen_Rassismus.docx.txt	قال	قالَ	verb	قال	قال
02_Vereinte_Nationen_Rassismus.docx.txt	إن	إِن	abbrev	إن	إِن
02_Vereinte_Nationen_Rassismus.docx.txt	العالم	العالَمُ	noun	عالم	عالَم
02_Vereinte_Nationen_Rassismus.docx.txt	مبتلى	مُبْتَلَى	noun	مبتلى	مُبْتَلَى
02_Vereinte_Nationen_Rassismus.docx.txt	بالعنصرية	بِالعُنْصُرِيَّةِ	noun	عنصرية	عُنْصُرِيَّة
02_Vereinte_Nationen_Rassismus.docx.txt	المقيتة	المَقِيتَةِ	adj	مقيت	مَقِيت
02_Vereinte_Nationen_Rassismus.docx.txt	الموجودة	المَوْجُودَةِ	noun	موجود	مَوْجُود
02_Vereinte_Nationen_Rassismus.docx.txt	في	فِي	prep	في	فِي
02_Vereinte_Nationen_Rassismus.docx.txt	كل	كُلّ	noun	كل	كُلّ
02_Vereinte_Nationen_Rassismus.docx.txt	مكان	مَكانٍ	noun	مكان	مَكان
02_Vereinte_Nationen_Rassismus.docx.txt	،	،	punc	،	،
02_Vereinte_Nationen_Rassismus.docx.txt	مشددا	مُشَدَّداً	adj	مشدد	مُشَدَّد
02_Vereinte_Nationen_Rassismus.docx.txt	على	عَلَى	prep	على	عَلَى
02_Vereinte_Nationen_Rassismus.docx.txt	ضرورة	ضَرُورَةِ	noun	ضرورة	ضَرُورَة
02_Vereinte_Nationen_Rassismus.docx.txt	إدانتها	إِدانَتِها	noun	إدانة	إِدانَة
02_Vereinte_Nationen_Rassismus.docx.txt	بدون	بِدُونِ	noun	دون	دُون
02_Vereinte_Nationen_Rassismus.docx.txt	تردد	تَرَدُّد	noun	تردد	تَرَدُّد
02_Vereinte_Nationen_Rassismus.docx.txt	أو	أَو	conj	أو	أَو
02_Vereinte_Nationen_Rassismus.docx.txt	تحفظ	تَحَفُّظ	noun	تحفظ	تَحَفُّظ
02_Vereinte_Nationen_Rassismus.docx.txt	.	.	punc	.	.
02_Vereinte_Nationen_Rassismus.docx.txt	كان	كانَ	verb	كان	كان
02_Vereinte_Nationen_Rassismus.docx.txt	الأمين	الأَمِينُ	noun	أمين	أَمِين
02_Vereinte_Nationen_Rassismus.docx.txt	العام	العام	noun	عام	عام
02_Vereinte_Nationen_Rassismus.docx.txt	يتحدث	يتحدث	noun_prop	يتحدث	يتحدث
02_Vereinte_Nationen_Rassismus.docx.txt	في	فِي	prep	في	فِي
02_Vereinte_Nationen_Rassismus.docx.txt	فعالية	فَعّالِيَّةٍ	noun	فعالية	فَعّالِيَّة
02_Vereinte_Nationen_Rassismus.docx.txt	،	،	punc	،	،
02_Vereinte_Nationen_Rassismus.docx.txt	عقدها	عَقَدَها	verb	عقد	عَقَد
02_Vereinte_Nationen_Rassismus.docx.txt	مجلس	مَجْلِسُ	noun	مجلس	مَجْلِس
02_Vereinte_Nationen_Rassismus.docx.txt	الأمم	الأُمَمِ	noun	أمة	أُمَّة
02_Vereinte_Nationen_Rassismus.docx.txt	المتحده	المتحده	noun_prop	المتحده	المتحده
02_Vereinte_Nationen_Rassismus.docx.txt	الاقتصادي	الاِقْتِصادِيُّ	adj	ٱقتصادي	ٱِقْتِصادِيّ
02_Vereinte_Nationen_Rassismus.docx.txt	والاجتماعي	وَالاِجْتِماعِيُّ	adj	ٱجتماعي	ٱِجْتِماعِيّ
02_Vereinte_Nationen_Rassismus.docx.txt	،	،	punc	،	،
02_Vereinte_Nationen_Rassismus.docx.txt	حول	حَوْلَ	noun	حول	حَوْل
02_Vereinte_Nationen_Rassismus.docx.txt	إعادة	إِعادَةِ	noun	إعادة	إِعادَة
02_Vereinte_Nationen_Rassismus.docx.txt	تصور	تَصَوُّرِ	noun	تصور	تَصَوُّر
02_Vereinte_Nationen_Rassismus.docx.txt	المساواة	المُساواةِ	noun	مساواة	مُساواة
02_Vereinte_Nationen_Rassismus.docx.txt	من	مِن	prep	من	مِن
02_Vereinte_Nationen_Rassismus.docx.txt	آجل	آجِلِ	noun	آجل	آجِل
02_Vereinte_Nationen_Rassismus.docx.txt	القضاء	القَضاءِ	noun	قضاء	قَضاء
02_Vereinte_Nationen_Rassismus.docx.txt	على	عَلَى	prep	على	عَلَى
02_Vereinte_Nationen_Rassismus.docx.txt	العنصرية	العُنْصُرِيَّةِ	noun	عنصرية	عُنْصُرِيَّة
02_Vereinte_Nationen_Rassismus.docx.txt	وكراهية	وَكَراهِيَّةِ	noun	كراهية	كَراهِيَّة
02_Vereinte_Nationen_Rassismus.docx.txt	الأجانب	الأَجانِبِ	noun	أجنبي	أَجْنَبِيّ
02_Vereinte_Nationen_Rassismus.docx.txt	والتمييز	وَالتَمْيِيزِ	noun	تمييز	تَمْيِيز
02_Vereinte_Nationen_Rassismus.docx.txt	خلال	خلال	noun_prop	خلال	خلال
02_Vereinte_Nationen_Rassismus.docx.txt	العقد	العَقْدِ	noun	عقد	عَقْد
02_Vereinte_Nationen_Rassismus.docx.txt	الحالي	الحالِيِّ	adj	حالي	حالِيّ
02_Vereinte_Nationen_Rassismus.docx.txt	المؤدى	المُؤَدَّى	noun	مؤدى	مُؤَدَّى
02_Vereinte_Nationen_Rassismus.docx.txt	لعام	لِعامِ	noun	عام	عام
02_Vereinte_Nationen_Rassismus.docx.txt	2030	2030	digit	2030	2030
02_Vereinte_Nationen_Rassismus.docx.txt	،	،	punc	،	،
02_Vereinte_Nationen_Rassismus.docx.txt	موعد	مَوْعِدِ	noun	موعد	مَوْعِد
02_Vereinte_Nationen_Rassismus.docx.txt	تحقيق	تَحْقِيقِ	noun	تحقيق	تَحْقِيق
02_Vereinte_Nationen_Rassismus.docx.txt	أهداف	أَهْداف	noun	هدف	هَدَف
02_Vereinte_Nationen_Rassismus.docx.txt	التنمية	التَنْمِيَةِ	noun	تنمية	تَنْمِيَة
02_Vereinte_Nationen_Rassismus.docx.txt	المستدامة	المُسْتَدامَةِ	noun	مستدام	مُسْتَدام
02_Vereinte_Nationen_Rassismus.docx.txt	.	.	punc	.	.
02_Vereinte_Nationen_Rassismus.docx.txt	وتعد	وَتَعَدّ	noun	تعدي	تَعَدِّي
02_Vereinte_Nationen_Rassismus.docx.txt	أجندة	أَجَنْدَةُ	noun	أجندة	أَجَنْدَة
02_Vereinte_Nationen_Rassismus.docx.txt	التنمية	التَنْمِيَةِ	noun	تنمية	تَنْمِيَة
02_Vereinte_Nationen_Rassismus.docx.txt	المستدامة	المُسْتَدامَةِ	noun	مستدام	مُسْتَدام
02_Vereinte_Nationen_Rassismus.docx.txt	،	،	punc	،	،
02_Vereinte_Nationen_Rassismus.docx.txt	التي	الَّتِي	pron_rel	الذي	الَّذِي
02_Vereinte_Nationen_Rassismus.docx.txt	اقرها	اقرها	noun_prop	اقرها	اقرها
02_Vereinte_Nationen_Rassismus.docx.txt	قادة	قادَةُ	noun	قائد	قائِد
02_Vereinte_Nationen_Rassismus.docx.txt	العالم	العالَمِ	noun	عالم	عالَم
02_Vereinte_Nationen_Rassismus.docx.txt	عام	عامَ	noun	عام	عام
02_Vereinte_Nationen_Rassismus.docx.txt	2015	2015	digit	2015	2015
02_Vereinte_Nationen_Rassismus.docx.txt	،	،	punc	،	،
02_Vereinte_Nationen_Rassismus.docx.txt	خارطة	خارِطَةَ	noun	خارطة	خارِطَة
02_Vereinte_Nationen_Rassismus.docx.txt	طريق	طَرِيقٍ	noun	طريق	طَرِيق
02_Vereinte_Nationen_Rassismus.docx.txt	نحو	نَحْوَ	noun	نحو	نَحْو
02_Vereinte_Nationen_Rassismus.docx.txt	تعزيز	تَعْزِيزِ	noun	تعزيز	تَعْزِيز
02_Vereinte_Nationen_Rassismus.docx.txt	العدالة	العَدالَةِ	noun	عدالة	عَدالَة
02_Vereinte_Nationen_Rassismus.docx.txt	والكرامة	وَالكَرامَةِ	noun	كرامة	كَرامَة
02_Vereinte_Nationen_Rassismus.docx.txt	للجميع	لِلجَمِيعِ	noun	جميع	جَمِيع
02_Vereinte_Nationen_Rassismus.docx.txt	ومحاربة	وَمُحارَبَةِ	noun	محاربة	مُحارَبَة
02_Vereinte_Nationen_Rassismus.docx.txt	التمييز	التَمْيِيزِ	noun	تمييز	تَمْيِيز
02_Vereinte_Nationen_Rassismus.docx.txt	العنصري	العُنْصُرِيِّ	adj	عنصري	عُنْصُرِيّ
02_Vereinte_Nationen_Rassismus.docx.txt	بكل	بُكَل	noun	بكلة	بُكْلَة
02_Vereinte_Nationen_Rassismus.docx.txt	أشكاله	أَشْكالِهِ	noun	شكل	شَكْل
02_Vereinte_Nationen_Rassismus.docx.txt	.	.	punc	.	.
02_Vereinte_Nationen_Rassismus.docx.txt	العنصرية	العُنْصُرِيَّةُ	noun	عنصرية	عُنْصُرِيَّة
02_Vereinte_Nationen_Rassismus.docx.txt	وقرون	وَقُرُونُ	noun	قرن	قَرْن
02_Vereinte_Nationen_Rassismus.docx.txt	الاحتلال	الاِحْتِلالِ	noun	ٱحتلال	ٱِحْتِلال
02_Vereinte_Nationen_Rassismus.docx.txt	والاستعباد	وَالاِسْتِعْبادِ	noun	ٱستعباد	ٱِسْتِعْباد
02_Vereinte_Nationen_Rassismus.docx.txt	الأمين	الأَمِينُ	noun	أمين	أَمِين
02_Vereinte_Nationen_Rassismus.docx.txt	العام	العام	noun	عام	عام
02_Vereinte_Nationen_Rassismus.docx.txt	قال	قالَ	verb	قال	قال
02_Vereinte_Nationen_Rassismus.docx.txt	في	فِي	prep	في	فِي
02_Vereinte_Nationen_Rassismus.docx.txt	كلمته	كَلِمَتِهِ	noun	كلمة	كَلِمَة
02_Vereinte_Nationen_Rassismus.docx.txt	آن	آن	noun	آن	آن
02_Vereinte_Nationen_Rassismus.docx.txt	جزءا	جُزْءاً	noun	جزء	جُزْء
02_Vereinte_Nationen_Rassismus.docx.txt	كبيرا	كَبِيراً	adj	كبير	كَبِير
02_Vereinte_Nationen_Rassismus.docx.txt	من	مِن	prep	من	مِن
02_Vereinte_Nationen_Rassismus.docx.txt	العنصرية	العُنْصُرِيَّةِ	noun	عنصرية	عُنْصُرِيَّة
02_Vereinte_Nationen_Rassismus.docx.txt	،	،	punc	،	،
02_Vereinte_Nationen_Rassismus.docx.txt	متجذر	متجذر	noun_prop	متجذر	متجذر
02_Vereinte_Nationen_Rassismus.docx.txt	بقوة	بِقُوَّة	noun	قوة	قُوَّة
02_Vereinte_Nationen_Rassismus.docx.txt	في	فِي	prep	في	فِي
02_Vereinte_Nationen_Rassismus.docx.txt	قرون	قُرُونٍ	noun	قرن	قَرْن
02_Vereinte_Nationen_Rassismus.docx.txt	من	مِن	prep	من	مِن
02_Vereinte_Nationen_Rassismus.docx.txt	الاحتلال	الاِحْتِلالِ	noun	ٱحتلال	ٱِحْتِلال
02_Vereinte_Nationen_Rassismus.docx.txt	والاستعباد	وَالاِسْتِعْبادِ	noun	ٱستعباد	ٱِسْتِعْباد
02_Vereinte_Nationen_Rassismus.docx.txt	.	.	punc	.	.
02_Vereinte_Nationen_Rassismus.docx.txt	وأضاف	وَأَضافَ	verb	أضاف	أَضاف
02_Vereinte_Nationen_Rassismus.docx.txt	آن	آن	noun	آن	آن
02_Vereinte_Nationen_Rassismus.docx.txt	الظلم	الظُلْمُ	noun	ظلم	ظُلْم
02_Vereinte_Nationen_Rassismus.docx.txt	العنصري	العُنْصُرِيُّ	adj	عنصري	عُنْصُرِيّ
02_Vereinte_Nationen_Rassismus.docx.txt	،	،	punc	،	،
02_Vereinte_Nationen_Rassismus.docx.txt	وخاصة	وَخاصَّة	noun	خاصة	خاصَّة
02_Vereinte_Nationen_Rassismus.docx.txt	ضد	ضِدَّ	prep	ضد	ضِدَّ
02_Vereinte_Nationen_Rassismus.docx.txt	المنحدرين	المُنْحَدَرِينَ	adj	منحدر	مُنْحَدَر
02_Vereinte_Nationen_Rassismus.docx.txt	من	مِن	prep	من	مِن
02_Vereinte_Nationen_Rassismus.docx.txt	أصل	أَصَلٍ	noun	أصلة	أَصَلَة
02_Vereinte_Nationen_Rassismus.docx.txt	أفريقي	أَفْرِيقِيٍّ	adj	أفريقي	أَفْرِيقِيّ
02_Vereinte_Nationen_Rassismus.docx.txt	،	،	punc	،	،
02_Vereinte_Nationen_Rassismus.docx.txt	سبب	سَبَب	noun	سبب	سَبَب
02_Vereinte_Nationen_Rassismus.docx.txt	صدمات	صَدَماتٍ	noun	صدمة	صَدْمَة
02_Vereinte_Nationen_Rassismus.docx.txt	ومعاناة	وَمُعاناةً	noun	معاناة	مُعاناة
02_Vereinte_Nationen_Rassismus.docx.txt	عبر	عَبْرَ	noun	عبر	عَبْر
02_Vereinte_Nationen_Rassismus.docx.txt	الأجيال	الأَجْيالِ	noun	جيل	جِيل
02_Vereinte_Nationen_Rassismus.docx.txt	.	.	punc	.	.
02_Vereinte_Nationen_Rassismus.docx.txt	وشدد	وشدد	noun_prop	وشدد	وشدد
02_Vereinte_Nationen_Rassismus.docx.txt	على	عَلَى	prep	على	عَلَى
02_Vereinte_Nationen_Rassismus.docx.txt	ضرورة	ضَرُورَةِ	noun	ضرورة	ضَرُورَة
02_Vereinte_Nationen_Rassismus.docx.txt	فعل	فِعْلِ	noun	فعل	فِعْل
02_Vereinte_Nationen_Rassismus.docx.txt	أكثر	أَكْثَرَ	adj	أكثر	أَكْثَر
02_Vereinte_Nationen_Rassismus.docx.txt	مما	مِمّا	prep	من	مِن
02_Vereinte_Nationen_Rassismus.docx.txt	ينحصر	يَنْحَصِر	verb	ٱنحصر	ٱِنْحَصَر
02_Vereinte_Nationen_Rassismus.docx.txt	في	فِي	prep	في	فِي
02_Vereinte_Nationen_Rassismus.docx.txt	مجرد	مُجَرَّد	noun	مجرد	مُجَرَّد
02_Vereinte_Nationen_Rassismus.docx.txt	إدانة	إِدانَةِ	noun	إدانة	إِدانَة
02_Vereinte_Nationen_Rassismus.docx.txt	أعمال	أَعْمالِ	noun	عمل	عَمَل
02_Vereinte_Nationen_Rassismus.docx.txt	العنصرية	العُنْصُرِيَّةِ	noun	عنصرية	عُنْصُرِيَّة
02_Vereinte_Nationen_Rassismus.docx.txt	والتعبير	وَالتَعْبِيرِ	noun	تعبير	تَعْبِير
02_Vereinte_Nationen_Rassismus.docx.txt	عنها	عَنها	prep	عن	عَن
02_Vereinte_Nationen_Rassismus.docx.txt	.	.	punc	.	.
02_Vereinte_Nationen_Rassismus.docx.txt	وأوضح	وَأَوْضَحَ	verb	أوضح	أَوْضَح
02_Vereinte_Nationen_Rassismus.docx.txt	غوتيريش	غوتيريش	noun_prop	غوتيريش	غوتيريش
02_Vereinte_Nationen_Rassismus.docx.txt	آن	آن	noun	آن	آن
02_Vereinte_Nationen_Rassismus.docx.txt	هناك	هُناكَ	adv	هناك	هُناكَ
02_Vereinte_Nationen_Rassismus.docx.txt	أبعادا	أَبْعاداً	noun	بعد	بُعْد
02_Vereinte_Nationen_Rassismus.docx.txt	عنصرية	عُنْصُرِيَّةً	adj	عنصري	عُنْصُرِيّ
02_Vereinte_Nationen_Rassismus.docx.txt	وتمييزيه	وَتمييزيه	noun_prop	تمييزيه	تمييزيه
02_Vereinte_Nationen_Rassismus.docx.txt	لتنامي	لِتَنامِي	noun	تنامي	تَنامِي
02_Vereinte_Nationen_Rassismus.docx.txt	معاداه	مُعاداهُ	adj	معاد	مُعاد
02_Vereinte_Nationen_Rassismus.docx.txt	السامية	السامِيَةِ	noun	سامي	سامِي
02_Vereinte_Nationen_Rassismus.docx.txt	وكراهية	وَكَراهِيَّةِ	noun	كراهية	كَراهِيَّة
02_Vereinte_Nationen_Rassismus.docx.txt	المسلمين	المُسْلِمِينَ	noun	مسلم	مُسْلِم
02_Vereinte_Nationen_Rassismus.docx.txt	وإساءة	وَإِساءَةِ	noun	إساءة	إِساءَة
02_Vereinte_Nationen_Rassismus.docx.txt	معاملة	مُعامَلَةِ	noun	معاملة	مُعامَلَة
02_Vereinte_Nationen_Rassismus.docx.txt	بعض	بِعَضِّ	noun	عض	عَضّ
02_Vereinte_Nationen_Rassismus.docx.txt	الاقليات	الاقليات	noun_prop	الاقليات	الاقليات
02_Vereinte_Nationen_Rassismus.docx.txt	المسيحية	المَسِيحِيَّةِ	noun	مسيحي	مَسِيحِيّ
02_Vereinte_Nationen_Rassismus.docx.txt	وغير	وَغَيْرِ	noun	غير	غَيْر
02_Vereinte_Nationen_Rassismus.docx.txt	ذلك	ذٰلِكَ	pron_dem	ذلك	ذٰلِكَ
02_Vereinte_Nationen_Rassismus.docx.txt	من	مِن	prep	من	مِن
02_Vereinte_Nationen_Rassismus.docx.txt	أشكال	أَشْكالِ	noun	شكل	شَكْل
02_Vereinte_Nationen_Rassismus.docx.txt	التعصب	التعصب	noun_prop	التعصب	التعصب
02_Vereinte_Nationen_Rassismus.docx.txt	وكراهية	وَكَراهِيَّةِ	noun	كراهية	كَراهِيَّة
02_Vereinte_Nationen_Rassismus.docx.txt	الأجانب	الأَجانِبِ	noun	أجنبي	أَجْنَبِيّ
02_Vereinte_Nationen_Rassismus.docx.txt	بأنحاء	بِأَنْحاءِ	noun	نحو	نَحْو
02_Vereinte_Nationen_Rassismus.docx.txt	العالم	العالَمِ	noun	عالم	عالَم
02_Vereinte_Nationen_Rassismus.docx.txt	.	.	punc	.	.
02_Vereinte_Nationen_Rassismus.docx.txt	وفي	وَفِي	prep	في	فِي
02_Vereinte_Nationen_Rassismus.docx.txt	هذه	هٰذِهِ	pron_dem	هذا	هٰذا
02_Vereinte_Nationen_Rassismus.docx.txt	المعركة	المَعْرَكَةِ	noun	معركة	مَعْرَكَة
02_Vereinte_Nationen_Rassismus.docx.txt	الايدلوجيه	الايدلوجيه	noun_prop	ايدلوجيه	ايدلوجيه
02_Vereinte_Nationen_Rassismus.docx.txt	،	،	punc	،	،
02_Vereinte_Nationen_Rassismus.docx.txt	شدد	شدد	noun_prop	شدد	شدد
02_Vereinte_Nationen_Rassismus.docx.txt	الأمين	الأَمِينُ	noun	أمين	أَمِين
02_Vereinte_Nationen_Rassismus.docx.txt	العام	العام	noun_prop	العام	العام
02_Vereinte_Nationen_Rassismus.docx.txt	على	عَلَى	prep	على	عَلَى
02_Vereinte_Nationen_Rassismus.docx.txt	ضرورة	ضَرُورَةِ	noun	ضرورة	ضَرُورَة
02_Vereinte_Nationen_Rassismus.docx.txt	التأكيد	التَأْكِيدِ	noun	تأكيد	تَأْكِيد
02_Vereinte_Nationen_Rassismus.docx.txt	على	عَلَى	prep	على	عَلَى
02_Vereinte_Nationen_Rassismus.docx.txt	القيم	القَيِّمِ	noun	قيم	قَيِّم
02_Vereinte_Nationen_Rassismus.docx.txt	المشتركة	المُشْتَرَكَةِ	adj	مشترك	مُشْتَرَك
02_Vereinte_Nationen_Rassismus.docx.txt	المرتبطة	المُرْتَبِطَةِ	adj	مرتبط	مُرْتَبِط
02_Vereinte_Nationen_Rassismus.docx.txt	بقوه	بقوه	noun_prop	بقوه	بقوه
02_Vereinte_Nationen_Rassismus.docx.txt	بحقوق	بِحُقُوقِ	noun	حق	حَقّ
02_Vereinte_Nationen_Rassismus.docx.txt	الإنسان	الإِنْسانِ	noun	إنسان	إِنْسان
02_Vereinte_Nationen_Rassismus.docx.txt	والمتمثله	والمتمثله	noun_prop	والمتمثله	والمتمثله
02_Vereinte_Nationen_Rassismus.docx.txt	في	فِي	prep	في	فِي
02_Vereinte_Nationen_Rassismus.docx.txt	المساواة	المُساواةِ	noun	مساواة	مُساواة
02_Vereinte_Nationen_Rassismus.docx.txt	وعدم	وَعَدَمِ	noun	عدم	عَدَم
02_Vereinte_Nationen_Rassismus.docx.txt	التمييز	التَمْيِيزِ	noun	تمييز	تَمْيِيز
02_Vereinte_Nationen_Rassismus.docx.txt	والاحترام	وَالاِحْتِرامِ	noun	ٱحترام	ٱِحْتِرام
02_Vereinte_Nationen_Rassismus.docx.txt	المتبادل	المُتَبادَلِ	adj	متبادل	مُتَبادَل
02_Vereinte_Nationen_Rassismus.docx.txt	.	.	punc	.	.
02_Vereinte_Nationen_Rassismus.docx.txt	كما	كَما	conj	كما	كَما
02_Vereinte_Nationen_Rassismus.docx.txt	يوجد	يُوجَد	verb	وجد	وَجَد
02_Vereinte_Nationen_Rassismus.docx.txt	بعد	بَعْدَ	noun	بعد	بَعْد
02_Vereinte_Nationen_Rassismus.docx.txt	اجتماعي	اِجْتِماعِيٌّ	adj	ٱجتماعي	ٱِجْتِماعِيّ
02_Vereinte_Nationen_Rassismus.docx.txt	واقتصادي	وَاِقْتِصادِيٌّ	adj	ٱقتصادي	ٱِقْتِصادِيّ
02_Vereinte_Nationen_Rassismus.docx.txt	قوى	قَوَى	noun	قوى	قَوَى
02_Vereinte_Nationen_Rassismus.docx.txt	للعنصرية	لِلعُنْصُرِيَّةِ	noun	عنصرية	عُنْصُرِيَّة
02_Vereinte_Nationen_Rassismus.docx.txt	وكراهية	وَكَراهِيَّةِ	noun	كراهية	كَراهِيَّة
02_Vereinte_Nationen_Rassismus.docx.txt	الأجانب	الأَجانِبِ	noun	أجنبي	أَجْنَبِيّ
02_Vereinte_Nationen_Rassismus.docx.txt	،	،	punc	،	،
02_Vereinte_Nationen_Rassismus.docx.txt	يتجسد	يتجسد	noun_prop	يتجسد	يتجسد
02_Vereinte_Nationen_Rassismus.docx.txt	في	فِي	prep	في	فِي
02_Vereinte_Nationen_Rassismus.docx.txt	محدودية	مَحْدُودِيَّةِ	noun	محدودية	مَحْدُودِيَّة
02_Vereinte_Nationen_Rassismus.docx.txt	فرص	فُرَصِ	noun	فرصة	فُرْصَة
02_Vereinte_Nationen_Rassismus.docx.txt	التعليم	التَعْلِيمِ	noun	تعليم	تَعْلِيم
02_Vereinte_Nationen_Rassismus.docx.txt	والتوظيف	وَالتَوْظِيفِ	noun	توظيف	تَوْظِيف
02_Vereinte_Nationen_Rassismus.docx.txt	والرعاية	وَالرِعايَةِ	noun	رعاية	رِعايَة
02_Vereinte_Nationen_Rassismus.docx.txt	الصحيه	الصحيه	noun_prop	الصحيه	الصحيه
02_Vereinte_Nationen_Rassismus.docx.txt	والعدالة	وَالعَدالَةِ	noun	عدالة	عَدالَة
02_Vereinte_Nationen_Rassismus.docx.txt	.	.	punc	.	.
02_Vereinte_Nationen_Rassismus.docx.txt	وقد	وَقَد	part_verb	قد	قَدْ
02_Vereinte_Nationen_Rassismus.docx.txt	كشفت	كَشَفَت	verb	كشف	كَشَف
02_Vereinte_Nationen_Rassismus.docx.txt	جائحة	جائِحَةُ	noun	جائحة	جائِحَة
02_Vereinte_Nationen_Rassismus.docx.txt	كوفيد	كوفيد	noun_prop	كوفيد	كوفيد
02_Vereinte_Nationen_Rassismus.docx.txt	-	-	punc	-	-
02_Vereinte_Nationen_Rassismus.docx.txt	19عن	19عن	digit	19عن	19عن
02_Vereinte_Nationen_Rassismus.docx.txt	أوجه	أَوْجِهِ	noun	أوج	أَوْج
02_Vereinte_Nationen_Rassismus.docx.txt	عدم	عَدَمِ	noun	عدم	عَدَم
02_Vereinte_Nationen_Rassismus.docx.txt	المساواة	المُساواةِ	noun	مساواة	مُساواة
02_Vereinte_Nationen_Rassismus.docx.txt	،	،	punc	،	،
02_Vereinte_Nationen_Rassismus.docx.txt	كما	كَمّاً	noun	كم	كَمّ
02_Vereinte_Nationen_Rassismus.docx.txt	قال	قالَ	verb	قال	قال
02_Vereinte_Nationen_Rassismus.docx.txt	غوتيريش	غوتيريش	noun_prop	غوتيريش	غوتيريش
02_Vereinte_Nationen_Rassismus.docx.txt	،	،	punc	،	،
02_Vereinte_Nationen_Rassismus.docx.txt	وكانت	وَكانَت	verb	كان	كان
02_Vereinte_Nationen_Rassismus.docx.txt	إدانة	إِدانَةً	noun	إدانة	إِدانَة
02_Vereinte_Nationen_Rassismus.docx.txt	دامغة	دامِغَةً	adj	دامغ	دامِغ
02_Vereinte_Nationen_Rassismus.docx.txt	للتحيز	للتحيز	noun_prop	للتحيز	للتحيز
02_Vereinte_Nationen_Rassismus.docx.txt	والتمييز	وَالتَمْيِيزَ	noun	تمييز	تَمْيِيز
02_Vereinte_Nationen_Rassismus.docx.txt	المنهجيين	المَنْهَجِيَّيْنِ	adj	منهجي	مَنْهَجِيّ
02_Vereinte_Nationen_Rassismus.docx.txt	.	.	punc	.	.
02_Vereinte_Nationen_Rassismus.docx.txt	الحد	الحَدّ	noun	حد	حَدّ
02_Vereinte_Nationen_Rassismus.docx.txt	من	مِن	prep	من	مِن
02_Vereinte_Nationen_Rassismus.docx.txt	انعدام	اِنْعِدامِ	noun	ٱنعدام	ٱِنْعِدام
02_Vereinte_Nationen_Rassismus.docx.txt	المساواة	المُساواةِ	noun	مساواة	مُساواة
02_Vereinte_Nationen_Rassismus.docx.txt	بين	بَيِّنَ	noun	بين	بَيِّن
02_Vereinte_Nationen_Rassismus.docx.txt	الدول	الدُوَلِ	noun	دولة	دَوْلَة
02_Vereinte_Nationen_Rassismus.docx.txt	وفيما	وَفِيما	noun_prop	فيما	فِيما
02_Vereinte_Nationen_Rassismus.docx.txt	بينها	بَيِّنَها	noun	بين	بَيِّن
02_Vereinte_Nationen_Rassismus.docx.txt	السفير	السَفِيرُ	noun	سفير	سَفِير
02_Vereinte_Nationen_Rassismus.docx.txt	الباكستاني	الباكِستانِيُّ	adj	باكستاني	باكِستانِيّ
02_Vereinte_Nationen_Rassismus.docx.txt	منير	مُنِير	noun_prop	منير	مُنِير
02_Vereinte_Nationen_Rassismus.docx.txt	أكرم	أَكْرَم	noun_prop	أكرم	أَكْرَم
02_Vereinte_Nationen_Rassismus.docx.txt	رئيس	رَئِيسُ	noun	رئيس	رَئِيس
02_Vereinte_Nationen_Rassismus.docx.txt	المجلس	المَجْلِسِ	noun	مجلس	مَجْلِس
02_Vereinte_Nationen_Rassismus.docx.txt	الاقتصادي	الاِقْتِصادِيِّ	adj	ٱقتصادي	ٱِقْتِصادِيّ
02_Vereinte_Nationen_Rassismus.docx.txt	والاجتماعي	وَالاِجْتِماعِيِّ	adj	ٱجتماعي	ٱِجْتِماعِيّ
02_Vereinte_Nationen_Rassismus.docx.txt	قال	قالَ	verb	قال	قال
02_Vereinte_Nationen_Rassismus.docx.txt	إن	إِن	abbrev	إن	إِن
02_Vereinte_Nationen_Rassismus.docx.txt	آزمة	آزِمَةُ	noun	آزم	آزِم
02_Vereinte_Nationen_Rassismus.docx.txt	كوفيد	كوفيد	noun_prop	كوفيد	كوفيد
02_Vereinte_Nationen_Rassismus.docx.txt	-	-	punc	-	-
02_Vereinte_Nationen_Rassismus.docx.txt	19	19	digit	19	19
02_Vereinte_Nationen_Rassismus.docx.txt	كشفت	كَشَفَت	verb	كشف	كَشَف
02_Vereinte_Nationen_Rassismus.docx.txt	انعدام	اِنْعِدامَ	noun	ٱنعدام	ٱِنْعِدام
02_Vereinte_Nationen_Rassismus.docx.txt	المساواة	المُساواةِ	noun	مساواة	مُساواة
02_Vereinte_Nationen_Rassismus.docx.txt	في	فِي	prep	في	فِي
02_Vereinte_Nationen_Rassismus.docx.txt	الحصول	الحُصُولِ	noun	حصول	حُصُول
02_Vereinte_Nationen_Rassismus.docx.txt	على	عَلَى	prep	على	عَلَى
02_Vereinte_Nationen_Rassismus.docx.txt	الطعام	الطَعامِ	noun	طعام	طَعام
02_Vereinte_Nationen_Rassismus.docx.txt	والتعليم	وَالتَعْلِيمِ	noun	تعليم	تَعْلِيم
02_Vereinte_Nationen_Rassismus.docx.txt	والسكن	وَالسَكَنِ	noun	سكن	سَكَن
02_Vereinte_Nationen_Rassismus.docx.txt	والخدمات	وَالخَدَماتِ	noun	خدمة	خِدْمَة
02_Vereinte_Nationen_Rassismus.docx.txt	الصحيه	الصحيه	noun_prop	الصحيه	الصحيه
02_Vereinte_Nationen_Rassismus.docx.txt	وكفالة	وَكَفالَةِ	noun	كفالة	كَفالَة
02_Vereinte_Nationen_Rassismus.docx.txt	العدالة	العَدالَةِ	noun	عدالة	عَدالَة
02_Vereinte_Nationen_Rassismus.docx.txt	،	،	punc	،	،
02_Vereinte_Nationen_Rassismus.docx.txt	كما	كَما	conj	كما	كَما
02_Vereinte_Nationen_Rassismus.docx.txt	شجعت	شجعت	noun_prop	شجعت	شجعت
02_Vereinte_Nationen_Rassismus.docx.txt	كراهية	كَراهِيَّةَ	noun	كراهية	كَراهِيَّة
02_Vereinte_Nationen_Rassismus.docx.txt	الأجانب	الأَجانِبِ	noun	أجنبي	أَجْنَبِيّ
02_Vereinte_Nationen_Rassismus.docx.txt	والتمييز	وَالتَمْيِيزِ	noun	تمييز	تَمْيِيز
02_Vereinte_Nationen_Rassismus.docx.txt	.	.	punc	.	.
02_Vereinte_Nationen_Rassismus.docx.txt	وأضاف	وَأَضافَ	verb	أضاف	أَضاف
02_Vereinte_Nationen_Rassismus.docx.txt	آن	آن	noun	آن	آن
02_Vereinte_Nationen_Rassismus.docx.txt	الحد	الحَدّ	noun	حد	حَدّ
02_Vereinte_Nationen_Rassismus.docx.txt	من	مِن	prep	من	مِن
02_Vereinte_Nationen_Rassismus.docx.txt	انعدام	اِنْعِدامِ	noun	ٱنعدام	ٱِنْعِدام
02_Vereinte_Nationen_Rassismus.docx.txt	المساواة	المُساواةِ	noun	مساواة	مُساواة
02_Vereinte_Nationen_Rassismus.docx.txt	يقع	يَقَع	verb	وقع	وَقَع
02_Vereinte_Nationen_Rassismus.docx.txt	في	فِي	prep	في	فِي
02_Vereinte_Nationen_Rassismus.docx.txt	جوهر	جَوْهَرِ	noun	جوهر	جَوْهَر
02_Vereinte_Nationen_Rassismus.docx.txt	أجندة	أَجَنْدَةِ	noun	أجندة	أَجَنْدَة
02_Vereinte_Nationen_Rassismus.docx.txt	التنمية	التَنْمِيَةِ	noun	تنمية	تَنْمِيَة
02_Vereinte_Nationen_Rassismus.docx.txt	المستدامة	المُسْتَدامَةِ	noun	مستدام	مُسْتَدام
02_Vereinte_Nationen_Rassismus.docx.txt	ذات	ذاتِ	noun	ذات	ذات
02_Vereinte_Nationen_Rassismus.docx.txt	السبعة	السَبْعَةِ	adj	سبع	سَبْع
02_Vereinte_Nationen_Rassismus.docx.txt	عشر	عَشَرَ	noun	عشرة	عَشَرَة
02_Vereinte_Nationen_Rassismus.docx.txt	هدفا	هَدَفاً	noun	هدف	هَدَف
02_Vereinte_Nationen_Rassismus.docx.txt	،	،	punc	،	،
02_Vereinte_Nationen_Rassismus.docx.txt	والتي	وَالَّتِي	pron_rel	الذي	الَّذِي
02_Vereinte_Nationen_Rassismus.docx.txt	يدعو	يَدْعُو	verb	دعا	دَعا
02_Vereinte_Nationen_Rassismus.docx.txt	هدفها	هَدَفُها	noun	هدف	هَدَف
02_Vereinte_Nationen_Rassismus.docx.txt	العاشر	العاشِرُ	noun	عاشر	عاشِر
02_Vereinte_Nationen_Rassismus.docx.txt	إلى	إِلَى	prep	إلى	إِلَى
02_Vereinte_Nationen_Rassismus.docx.txt	الحد	الحد	noun_prop	الحد	الحد
02_Vereinte_Nationen_Rassismus.docx.txt	من	مِن	prep	من	مِن
02_Vereinte_Nationen_Rassismus.docx.txt	أوجه	أَوْجِهِ	noun	أوج	أَوْج
02_Vereinte_Nationen_Rassismus.docx.txt	عدم	عَدَمِ	noun	عدم	عَدَم
02_Vereinte_Nationen_Rassismus.docx.txt	المساواة	المُساواةِ	noun	مساواة	مُساواة
02_Vereinte_Nationen_Rassismus.docx.txt	داخل	داخِلَ	noun	داخل	داخِل
02_Vereinte_Nationen_Rassismus.docx.txt	البلدان	البُلْدانِ	noun	بلد	بَلَد
02_Vereinte_Nationen_Rassismus.docx.txt	وفيما	وَفِيما	noun_prop	فيما	فِيما
02_Vereinte_Nationen_Rassismus.docx.txt	بينها	بَيِّنَها	noun	بين	بَيِّن
02_Vereinte_Nationen_Rassismus.docx.txt	.	.	punc	.	.
02_Vereinte_Nationen_Rassismus.docx.txt	وشدد	وشدد	noun_prop	وشدد	وشدد
02_Vereinte_Nationen_Rassismus.docx.txt	أكرم	أَكْرَم	noun_prop	أكرم	أَكْرَم
02_Vereinte_Nationen_Rassismus.docx.txt	على	عَلَى	prep	على	عَلَى
02_Vereinte_Nationen_Rassismus.docx.txt	إن	إِن	abbrev	إن	إِن
02_Vereinte_Nationen_Rassismus.docx.txt	السبيل	السَبِيلِ	noun	سبيل	سَبِيل
02_Vereinte_Nationen_Rassismus.docx.txt	الوحيد	الوَحِيدِ	adj	وحيد	وَحِيد
02_Vereinte_Nationen_Rassismus.docx.txt	للقضاء	لِلقَضاءِ	noun	قضاء	قَضاء
02_Vereinte_Nationen_Rassismus.docx.txt	على	عَلَى	prep	على	عَلَى
02_Vereinte_Nationen_Rassismus.docx.txt	العنصرية	العُنْصُرِيَّةِ	noun	عنصرية	عُنْصُرِيَّة
02_Vereinte_Nationen_Rassismus.docx.txt	وكراهية	وَكَراهِيَّةِ	noun	كراهية	كَراهِيَّة
02_Vereinte_Nationen_Rassismus.docx.txt	الأجانب	الأَجانِبِ	noun	أجنبي	أَجْنَبِيّ
02_Vereinte_Nationen_Rassismus.docx.txt	والتمييز	وَالتَمْيِيزِ	noun	تمييز	تَمْيِيز
02_Vereinte_Nationen_Rassismus.docx.txt	هو	هُوَ	pron	هو	هُوَ
02_Vereinte_Nationen_Rassismus.docx.txt	التضامن	التَضامُنُ	noun	تضامن	تَضامُن
02_Vereinte_Nationen_Rassismus.docx.txt	والتعاون	وَالتَعاوُنُ	noun	تعاون	تَعاوُن
02_Vereinte_Nationen_Rassismus.docx.txt	بين	بَيِّنَ	noun	بين	بَيِّن
02_Vereinte_Nationen_Rassismus.docx.txt	الدول	الدُوَلِ	noun	دولة	دَوْلَة
02_Vereinte_Nationen_Rassismus.docx.txt	والمجتمعات	وَالمُجْتَمَعاتِ	noun	مجتمع	مُجْتَمَع
02_Vereinte_Nationen_Rassismus.docx.txt	والأفراد	وَالأَفْرادِ	noun	فرد	فَرْد
02_Vereinte_Nationen_Rassismus.docx.txt	.	.	punc	.	.
02_Vereinte_Nationen_Rassismus.docx.txt	واكد	واكِد	noun_prop	واكد	واكِد
02_Vereinte_Nationen_Rassismus.docx.txt	السفير	السَفِيرُ	noun	سفير	سَفِير
02_Vereinte_Nationen_Rassismus.docx.txt	الباكستاني	الباكِستانِيُّ	adj	باكستاني	باكِستانِيّ
02_Vereinte_Nationen_Rassismus.docx.txt	ضرورة	ضَرُورَةُ	noun	ضرورة	ضَرُورَة
02_Vereinte_Nationen_Rassismus.docx.txt	أن	أَن	conj_sub	أن	أَنْ
02_Vereinte_Nationen_Rassismus.docx.txt	تضع	تَضَع	verb	وضع	وَضَع
02_Vereinte_Nationen_Rassismus.docx.txt	النماذج	النَماذِجَ	noun	نموذج	نَمُوذَج
02_Vereinte_Nationen_Rassismus.docx.txt	الاقتصادية	الاِقْتِصادِيَّةَ	adj	ٱقتصادي	ٱِقْتِصادِيّ
02_Vereinte_Nationen_Rassismus.docx.txt	والأولويات	وَالأَوْلَوِيّاتِ	noun	أولويات	أَوْلَوِيّات
02_Vereinte_Nationen_Rassismus.docx.txt	والفرضيات	وَالفرضيات	noun_prop	فرضيات	فرضيات
02_Vereinte_Nationen_Rassismus.docx.txt	،	،	punc	،	،
02_Vereinte_Nationen_Rassismus.docx.txt	الناس	الناسَ	noun	ناس	ناس
02_Vereinte_Nationen_Rassismus.docx.txt	في	فِي	prep	في	فِي
02_Vereinte_Nationen_Rassismus.docx.txt	قلب	قَلْبِ	noun	قلب	قَلْب
02_Vereinte_Nationen_Rassismus.docx.txt	الأولويات	الأَوْلَوِيّاتِ	noun	أولويات	أَوْلَوِيّات
02_Vereinte_Nationen_Rassismus.docx.txt	من	مِن	prep	من	مِن
02_Vereinte_Nationen_Rassismus.docx.txt	آجل	آجِلِ	noun	آجل	آجِل
02_Vereinte_Nationen_Rassismus.docx.txt	خدمة	خِدْمَةِ	noun	خدمة	خِدْمَة
02_Vereinte_Nationen_Rassismus.docx.txt	البشرية	البَشَرِيَّةِ	noun	بشرية	بَشَرِيَّة
02_Vereinte_Nationen_Rassismus.docx.txt	،	،	punc	،	،
02_Vereinte_Nationen_Rassismus.docx.txt	وتفكيك	وَتَفْكِيكِ	noun	تفكيك	تَفْكِيك
02_Vereinte_Nationen_Rassismus.docx.txt	النظم	النَظْم	noun	نظم	نَظْم
02_Vereinte_Nationen_Rassismus.docx.txt	التي	الَّتِي	pron_rel	الذي	الَّذِي
02_Vereinte_Nationen_Rassismus.docx.txt	تفاقم	تَفاقَمَ	verb	تفاقم	تَفاقَم
02_Vereinte_Nationen_Rassismus.docx.txt	العنصرية	العُنْصُرِيَّةَ	noun	عنصرية	عُنْصُرِيَّة
02_Vereinte_Nationen_Rassismus.docx.txt	وانعدام	وَاِنْعِدامَ	noun	ٱنعدام	ٱِنْعِدام
02_Vereinte_Nationen_Rassismus.docx.txt	المساواة	المُساواةِ	noun	مساواة	مُساواة
02_Vereinte_Nationen_Rassismus.docx.txt	.	.	punc	.	.
02_Vereinte_Nationen_Rassismus.docx.txt	الحلول	الحُلُولُ	noun	حلول	حُلُول
02_Vereinte_Nationen_Rassismus.docx.txt	ومع	وَمع	noun_prop	مع	مع
02_Vereinte_Nationen_Rassismus.docx.txt	التعافي	التَعافِي	noun	تعافي	تَعافِي
02_Vereinte_Nationen_Rassismus.docx.txt	من	مِن	prep	من	مِن
02_Vereinte_Nationen_Rassismus.docx.txt	الجائحة	الجائِحَةِ	noun	جائحة	جائِحَة
02_Vereinte_Nationen_Rassismus.docx.txt	وبناء	وَبِناءُ	noun	بناء	بِناء
02_Vereinte_Nationen_Rassismus.docx.txt	عالم	عالَمٍ	noun	عالم	عالَم
02_Vereinte_Nationen_Rassismus.docx.txt	أفضل	أَفْضَل	adj	أفضل	أَفْضَل
02_Vereinte_Nationen_Rassismus.docx.txt	،	،	punc	،	،
02_Vereinte_Nationen_Rassismus.docx.txt	يتعين	يتعين	noun_prop	يتعين	يتعين
02_Vereinte_Nationen_Rassismus.docx.txt	إبرام	إِبْرامُ	noun	إبرام	إِبْرام
02_Vereinte_Nationen_Rassismus.docx.txt	عقد	عَقْدٍ	noun	عقد	عَقْد
02_Vereinte_Nationen_Rassismus.docx.txt	اجتماعي	اِجْتِماعِيٍّ	adj	ٱجتماعي	ٱِجْتِماعِيّ
02_Vereinte_Nationen_Rassismus.docx.txt	جديد	جَدِيدٍ	adj	جديد	جَدِيد
02_Vereinte_Nationen_Rassismus.docx.txt	قائم	قائِمٍ	adj	قائم	قائِم
02_Vereinte_Nationen_Rassismus.docx.txt	على	عَلَى	prep	على	عَلَى
02_Vereinte_Nationen_Rassismus.docx.txt	الشمول	الشُمُولِ	noun	شمول	شُمُول
02_Vereinte_Nationen_Rassismus.docx.txt	والاستدامه	وَالاستدامه	noun_prop	استدامه	استدامه
02_Vereinte_Nationen_Rassismus.docx.txt	كما	كَمّاً	noun	كم	كَمّ
02_Vereinte_Nationen_Rassismus.docx.txt	قال	قالَ	verb	قال	قال
02_Vereinte_Nationen_Rassismus.docx.txt	الأمين	الأَمِينُ	noun	أمين	أَمِين
02_Vereinte_Nationen_Rassismus.docx.txt	العام	العام	noun	عام	عام
02_Vereinte_Nationen_Rassismus.docx.txt	للأمم	لِلأُمَمِ	noun	أمة	أُمَّة
02_Vereinte_Nationen_Rassismus.docx.txt	المتحده	المتحده	noun_prop	المتحده	المتحده
02_Vereinte_Nationen_Rassismus.docx.txt	،	،	punc	،	،
02_Vereinte_Nationen_Rassismus.docx.txt	بما	بِما	pron_rel	ما	ما
02_Vereinte_Nationen_Rassismus.docx.txt	يعني	يَعْنِي	verb	عنى	عَنَى
02_Vereinte_Nationen_Rassismus.docx.txt	الاستثمار	الاِسْتِثْمارَ	noun	ٱستثمار	ٱِسْتِثْمار
02_Vereinte_Nationen_Rassismus.docx.txt	في	فِي	prep	في	فِي
02_Vereinte_Nationen_Rassismus.docx.txt	التماسك	التَماسُكِ	noun	تماسك	تَماسُك
02_Vereinte_Nationen_Rassismus.docx.txt	الاجتماعي	الاِجْتِماعِيِّ	adj	ٱجتماعي	ٱِجْتِماعِيّ
02_Vereinte_Nationen_Rassismus.docx.txt	.	.	punc	.	.
02_Vereinte_Nationen_Rassismus.docx.txt	فيما	فِيما	conj_sub	ما	ما
02_Vereinte_Nationen_Rassismus.docx.txt	تصبح	تُصَبِّح	verb	صبح	صَبَّح
02_Vereinte_Nationen_Rassismus.docx.txt	المجتمعات	المُجْتَمَعاتُ	noun	مجتمع	مُجْتَمَع
02_Vereinte_Nationen_Rassismus.docx.txt	أكثر	أَكْثَرَ	adj	أكثر	أَكْثَر
02_Vereinte_Nationen_Rassismus.docx.txt	تعددا	تَعَدُّداً	noun	تعدد	تَعَدُّد
02_Vereinte_Nationen_Rassismus.docx.txt	في	فِي	prep	في	فِي
02_Vereinte_Nationen_Rassismus.docx.txt	العرقيات	العرقيات	noun_prop	عرقيات	عرقيات
02_Vereinte_Nationen_Rassismus.docx.txt	والأديان	وَالأَدْيانِ	noun	دين	دِين
02_Vereinte_Nationen_Rassismus.docx.txt	والثقافات	وَالثَقافاتِ	noun	ثقافة	ثَقافَة
02_Vereinte_Nationen_Rassismus.docx.txt	،	،	punc	،	،
02_Vereinte_Nationen_Rassismus.docx.txt	نحتاج	نَحْتاج	verb	ٱحتاج	ٱِحْتاج
02_Vereinte_Nationen_Rassismus.docx.txt	استثمارات	اِسْتِثْماراتٍ	noun	ٱستثمار	ٱِسْتِثْمار
02_Vereinte_Nationen_Rassismus.docx.txt	سياسية	سِياسِيَّةً	adj	سياسي	سِياسِيّ
02_Vereinte_Nationen_Rassismus.docx.txt	وثقافية	وَثَقافِيَّةً	adj	ثقافي	ثَقافِيّ
02_Vereinte_Nationen_Rassismus.docx.txt	واقتصادية	وَاِقْتِصادِيَّةً	adj	ٱقتصادي	ٱِقْتِصادِيّ
02_Vereinte_Nationen_Rassismus.docx.txt	أكبر	أَكْبَرَ	adj	أكبر	أَكْبَر
02_Vereinte_Nationen_Rassismus.docx.txt	في	فِي	prep	في	فِي
02_Vereinte_Nationen_Rassismus.docx.txt	الشمول	الشُمُولِ	noun	شمول	شُمُول
02_Vereinte_Nationen_Rassismus.docx.txt	والتماسك	وَالتَماسُكِ	noun	تماسك	تَماسُك
02_Vereinte_Nationen_Rassismus.docx.txt	لحصد	لِحَصْدِ	noun	حصد	حَصْد
02_Vereinte_Nationen_Rassismus.docx.txt	فوائد	فَوائِدَ	noun	فائدة	فائِدَة
02_Vereinte_Nationen_Rassismus.docx.txt	التنوع	التَنَوُّع	noun	تنوع	تَنَوُّع
02_Vereinte_Nationen_Rassismus.docx.txt	بدلا	بَدَلاً	noun	بدل	بَدَل
02_Vereinte_Nationen_Rassismus.docx.txt	من	مِن	prep	من	مِن
02_Vereinte_Nationen_Rassismus.docx.txt	النظر	النَظَرِ	noun	نظر	نَظَر
02_Vereinte_Nationen_Rassismus.docx.txt	إليه	إِلَيهِ	prep	إلى	إِلَى
02_Vereinte_Nationen_Rassismus.docx.txt	باعتباره	بِاِعْتِبارِهِ	noun	ٱعتبار	ٱِعْتِبار
02_Vereinte_Nationen_Rassismus.docx.txt	تهديدا	تَهْدِيداً	noun	تهديد	تَهْدِيد
02_Vereinte_Nationen_Rassismus.docx.txt	.	.	punc	.	.
02_Vereinte_Nationen_Rassismus.docx.txt	واستطرد	وَاِسْتَطْرَدَ	verb	ٱستطرد	ٱِسْتَطْرَد
02_Vereinte_Nationen_Rassismus.docx.txt	الأمين	الأَمِينُ	noun	أمين	أَمِين
02_Vereinte_Nationen_Rassismus.docx.txt	العام	العام	noun	عام	عام
02_Vereinte_Nationen_Rassismus.docx.txt	قائلا	قائِلاً	noun	قائل	قائِل
02_Vereinte_Nationen_Rassismus.docx.txt	آن	آن	noun	آن	آن
02_Vereinte_Nationen_Rassismus.docx.txt	كل	كُلّ	noun	كل	كُلّ
02_Vereinte_Nationen_Rassismus.docx.txt	المجموعات	المَجْمُوعاتُ	noun	مجموعة	مَجْمُوعَة
02_Vereinte_Nationen_Rassismus.docx.txt	تتطلع	تتطلع	noun_prop	تتطلع	تتطلع
02_Vereinte_Nationen_Rassismus.docx.txt	إلى	إِلَى	prep	إلى	إِلَى
02_Vereinte_Nationen_Rassismus.docx.txt	أن	أَن	conj_sub	أن	أَنْ
02_Vereinte_Nationen_Rassismus.docx.txt	تحترم	تحترم	noun_prop	تحترم	تحترم
02_Vereinte_Nationen_Rassismus.docx.txt	هوياتها	هُوِيّاتِها	noun	هوية	هُوِيَّة
02_Vereinte_Nationen_Rassismus.docx.txt	وأن	وَأَن	conj_sub	أن	أَنْ
02_Vereinte_Nationen_Rassismus.docx.txt	يشعر	يَشْعُر	verb	شعر	شَعَر
02_Vereinte_Nationen_Rassismus.docx.txt	أعضاؤها	أَعْضاؤُها	noun	عضو	عُضْو
02_Vereinte_Nationen_Rassismus.docx.txt	بالانتماء	بِالاِنْتِماءِ	noun	ٱنتماء	ٱِنْتِماء
02_Vereinte_Nationen_Rassismus.docx.txt	باعتبارهم	بِاِعْتِبارِهِم	noun	ٱعتبار	ٱِعْتِبار
02_Vereinte_Nationen_Rassismus.docx.txt	أفرادا	أَفْراداً	noun	فرد	فَرْد
02_Vereinte_Nationen_Rassismus.docx.txt	يتمتعون	يتمتعون	noun_prop	يتمتعون	يتمتعون
02_Vereinte_Nationen_Rassismus.docx.txt	بالتقدير	بِالتَقْدِيرِ	noun	تقدير	تَقْدِير
02_Vereinte_Nationen_Rassismus.docx.txt	في	فِي	prep	في	فِي
02_Vereinte_Nationen_Rassismus.docx.txt	المجتمع	المُجْتَمَعِ	noun	مجتمع	مُجْتَمَع
02_Vereinte_Nationen_Rassismus.docx.txt	ككل	كَكُلّ	noun	كل	كُلّ
02_Vereinte_Nationen_Rassismus.docx.txt	.	.	punc	.	.
02_Vereinte_Nationen_Rassismus.docx.txt	وبالنسبة	وَبِالنِسْبَةِ	noun	نسبة	نِسْبَة
02_Vereinte_Nationen_Rassismus.docx.txt	للأمين	لِلأَمِينِ	noun	أمين	أَمِين
02_Vereinte_Nationen_Rassismus.docx.txt	العام	العام	noun	عام	عام
02_Vereinte_Nationen_Rassismus.docx.txt	يعني	يَعْنِي	verb	عنى	عَنَى
02_Vereinte_Nationen_Rassismus.docx.txt	النهوض	النُهُوضُ	noun	نهوض	نُهُوض
02_Vereinte_Nationen_Rassismus.docx.txt	بالمساواة	بِالمُساواةِ	noun	مساواة	مُساواة
02_Vereinte_Nationen_Rassismus.docx.txt	للجميع	لِلجَمِيعِ	noun	جميع	جَمِيع
02_Vereinte_Nationen_Rassismus.docx.txt	،	،	punc	،	،
02_Vereinte_Nationen_Rassismus.docx.txt	الشفافية	الشَفّافِيَّةَ	noun	شفافية	شَفّافِيَّة
02_Vereinte_Nationen_Rassismus.docx.txt	والوصول	وَالوُصُولُ	noun	وصول	وُصُول
02_Vereinte_Nationen_Rassismus.docx.txt	المتساوي	المُتَساوِي	adj	متساوي	مُتَساوِي
02_Vereinte_Nationen_Rassismus.docx.txt	للخدمات	لِلخَدَماتِ	noun	خدمة	خِدْمَة
02_Vereinte_Nationen_Rassismus.docx.txt	والمشاركة	وَالمُشارَكَةِ	noun	مشاركة	مُشارَكَة
02_Vereinte_Nationen_Rassismus.docx.txt	ذات	ذاتِ	noun	ذات	ذات
02_Vereinte_Nationen_Rassismus.docx.txt	المغزى	المَغْزَى	noun	مغزى	مَغْزَى
02_Vereinte_Nationen_Rassismus.docx.txt	(	(	punc	(	(
02_Vereinte_Nationen_Rassismus.docx.txt	في	فِي	prep	في	فِي
02_Vereinte_Nationen_Rassismus.docx.txt	مختلف	مُخْتَلَفِ	adj	مختلف	مُخْتَلَف
02_Vereinte_Nationen_Rassismus.docx.txt	المجالات	المَجالاتِ	noun	مجال	مَجال
02_Vereinte_Nationen_Rassismus.docx.txt	)	)	punc	)	)
02_Vereinte_Nationen_Rassismus.docx.txt	بما	بِما	pron_rel	ما	ما
02_Vereinte_Nationen_Rassismus.docx.txt	في	فِي	prep	في	فِي
02_Vereinte_Nationen_Rassismus.docx.txt	ذلك	ذٰلِكَ	pron_dem	ذلك	ذٰلِكَ
02_Vereinte_Nationen_Rassismus.docx.txt	للمهمشين	للمهمشين	noun_prop	للمهمشين	للمهمشين
02_Vereinte_Nationen_Rassismus.docx.txt	ومن	وَمِن	prep	من	مِن
02_Vereinte_Nationen_Rassismus.docx.txt	يتم	يتم	noun_prop	يتم	يتم
02_Vereinte_Nationen_Rassismus.docx.txt	أقصاؤهم	أَقْصاؤُهُم	noun	قصي	قَصِيّ
02_Vereinte_Nationen_Rassismus.docx.txt	.	.	punc	.	.
02_Vereinte_Nationen_Rassismus.docx.txt	وتعني	وَتَعْنِي	verb	عنى	عَنَى
02_Vereinte_Nationen_Rassismus.docx.txt	المساواة	المُساواةُ	noun	مساواة	مُساواة
02_Vereinte_Nationen_Rassismus.docx.txt	أيضا	أَيْضاً	noun	أيض	أَيْض
02_Vereinte_Nationen_Rassismus.docx.txt	المساءلة	المُساءَلَةَ	noun	مساءلة	مُساءَلَة
02_Vereinte_Nationen_Rassismus.docx.txt	وكفالة	وَكَفالَةُ	noun	كفالة	كَفالَة
02_Vereinte_Nationen_Rassismus.docx.txt	العدالة	العَدالَةِ	noun	عدالة	عَدالَة
02_Vereinte_Nationen_Rassismus.docx.txt	بدون	بِدُونِ	noun	دون	دُون
02_Vereinte_Nationen_Rassismus.docx.txt	تمييز	تَمْيِيزٍ	noun	تمييز	تَمْيِيز
02_Vereinte_Nationen_Rassismus.docx.txt	،	،	punc	،	،
02_Vereinte_Nationen_Rassismus.docx.txt	وأن	وَأَن	conj_sub	أن	أَنْ
02_Vereinte_Nationen_Rassismus.docx.txt	يخرج	يَخْرُج	verb	خرج	خَرَج
02_Vereinte_Nationen_Rassismus.docx.txt	كل	كُلّ	noun	كل	كُلّ
02_Vereinte_Nationen_Rassismus.docx.txt	منا	منا	noun_prop	منا	منا
02_Vereinte_Nationen_Rassismus.docx.txt	من	مِن	prep	من	مِن
02_Vereinte_Nationen_Rassismus.docx.txt	النطاق	النِطاقِ	noun	نطاق	نِطاق
02_Vereinte_Nationen_Rassismus.docx.txt	المعتاد	المُعْتادِ	adj	معتاد	مُعْتاد
02_Vereinte_Nationen_Rassismus.docx.txt	بالنسبة	بِالنِسْبَةِ	noun	نسبة	نِسْبَة
02_Vereinte_Nationen_Rassismus.docx.txt	له	لَهُ	prep	ل	لِ
02_Vereinte_Nationen_Rassismus.docx.txt	وأن	وَأَن	conj_sub	أن	أَنْ
02_Vereinte_Nationen_Rassismus.docx.txt	نقر	نَقْر	noun	نقر	نَقْر
02_Vereinte_Nationen_Rassismus.docx.txt	بتحيزاتنا	بتحيزاتنا	noun_prop	بتحيزاتنا	بتحيزاتنا
02_Vereinte_Nationen_Rassismus.docx.txt	الكامنة	الكامِنَةِ	adj	كامن	كامِن
02_Vereinte_Nationen_Rassismus.docx.txt	ونعالجها	وَنُعالِجها	verb	عالج	عالَج
02_Vereinte_Nationen_Rassismus.docx.txt	،	،	punc	،	،
02_Vereinte_Nationen_Rassismus.docx.txt	كما	كَمّاً	noun	كم	كَمّ
02_Vereinte_Nationen_Rassismus.docx.txt	قال	قالَ	verb	قال	قال
02_Vereinte_Nationen_Rassismus.docx.txt	أنطونيو	أَنْطُونِيُو	noun_prop	أنطونيو	أَنْطُونِيُو
02_Vereinte_Nationen_Rassismus.docx.txt	غوتيريش	غوتيريش	noun_prop	غوتيريش	غوتيريش
02_Vereinte_Nationen_Rassismus.docx.txt	.	.	punc	.	.
02_Vereinte_Nationen_Rassismus.docx.txt	التصدي	التَصَدِّي	noun	تصدي	تَصَدِّي
02_Vereinte_Nationen_Rassismus.docx.txt	للعنصرية	لِلعُنْصُرِيَّةِ	noun	عنصرية	عُنْصُرِيَّة
02_Vereinte_Nationen_Rassismus.docx.txt	في	فِي	prep	في	فِي
02_Vereinte_Nationen_Rassismus.docx.txt	الأمم	الأُمَمِ	noun	أمة	أُمَّة
02_Vereinte_Nationen_Rassismus.docx.txt	المتحده	المتحده	noun_prop	المتحده	المتحده
02_Vereinte_Nationen_Rassismus.docx.txt	وأشار	وَأَشارَ	verb	أشار	أَشار
02_Vereinte_Nationen_Rassismus.docx.txt	الأمين	الأَمِينُ	noun	أمين	أَمِين
02_Vereinte_Nationen_Rassismus.docx.txt	العام	العامُّ	adj	عام	عامّ
02_Vereinte_Nationen_Rassismus.docx.txt	إلى	إِلَى	prep	إلى	إِلَى
02_Vereinte_Nationen_Rassismus.docx.txt	دعوته	دَعْوَتِهِ	noun	دعوة	دَعْوَة
02_Vereinte_Nationen_Rassismus.docx.txt	للعمل	لِلعَمَلِ	noun	عمل	عَمَل
02_Vereinte_Nationen_Rassismus.docx.txt	لتحديد	لِتَحْدِيدِ	noun	تحديد	تَحْدِيد
02_Vereinte_Nationen_Rassismus.docx.txt	ومنع	وَمَنْعِ	noun	منع	مَنْع
02_Vereinte_Nationen_Rassismus.docx.txt	العنصرية	العُنْصُرِيَّةِ	noun	عنصرية	عُنْصُرِيَّة
02_Vereinte_Nationen_Rassismus.docx.txt	والتمييز	وَالتَمْيِيزِ	noun	تمييز	تَمْيِيز
02_Vereinte_Nationen_Rassismus.docx.txt	العنصري	العُنْصُرِيِّ	adj	عنصري	عُنْصُرِيّ
02_Vereinte_Nationen_Rassismus.docx.txt	والتصدي	وَالتَصَدِّي	noun	تصدي	تَصَدِّي
02_Vereinte_Nationen_Rassismus.docx.txt	لهما	لَهُما	prep	ل	لِ
02_Vereinte_Nationen_Rassismus.docx.txt	داخل	داخِلَ	noun	داخل	داخِل
02_Vereinte_Nationen_Rassismus.docx.txt	الأمم	الأُمَمِ	noun	أمة	أُمَّة
02_Vereinte_Nationen_Rassismus.docx.txt	المتحده	المتحده	noun_prop	المتحده	المتحده
02_Vereinte_Nationen_Rassismus.docx.txt	.	.	punc	.	.
02_Vereinte_Nationen_Rassismus.docx.txt	وقد	وَقَد	part_verb	قد	قَدْ
02_Vereinte_Nationen_Rassismus.docx.txt	أطلق	أَطْلَقَ	verb	أطلق	أَطْلَق
02_Vereinte_Nationen_Rassismus.docx.txt	،	،	punc	،	،
02_Vereinte_Nationen_Rassismus.docx.txt	العام	العامَ	noun	عام	عام
02_Vereinte_Nationen_Rassismus.docx.txt	الماضي	الماضِي	adj	ماضي	ماضِي
02_Vereinte_Nationen_Rassismus.docx.txt	،	،	punc	،	،
02_Vereinte_Nationen_Rassismus.docx.txt	حملة	حَمْلَةَ	noun	حملة	حَمْلَة
02_Vereinte_Nationen_Rassismus.docx.txt	حوار	حَوارٍ	noun	حارة	حارَة
02_Vereinte_Nationen_Rassismus.docx.txt	وعمل	وَعَمَلٍ	noun	عمل	عَمَل
02_Vereinte_Nationen_Rassismus.docx.txt	لمعالجة	لِمُعالَجَةِ	noun	معالجة	مُعالَجَة
02_Vereinte_Nationen_Rassismus.docx.txt	العنصرية	العُنْصُرِيَّةِ	noun	عنصرية	عُنْصُرِيَّة
02_Vereinte_Nationen_Rassismus.docx.txt	وتعزيز	وَتَعْزِيزِ	noun	تعزيز	تَعْزِيز
02_Vereinte_Nationen_Rassismus.docx.txt	الكرامة	الكَرامَةِ	noun	كرامة	كَرامَة
02_Vereinte_Nationen_Rassismus.docx.txt	الإنسانية	الإِنْسانِيَّةِ	adj	إنساني	إِنْسانِيّ
02_Vereinte_Nationen_Rassismus.docx.txt	بالأمم	بِالأُمَمِ	noun	أمة	أُمَّة
02_Vereinte_Nationen_Rassismus.docx.txt	المتحده	المتحده	noun_prop	المتحده	المتحده
02_Vereinte_Nationen_Rassismus.docx.txt	.	.	punc	.	.
02_Vereinte_Nationen_Rassismus.docx.txt	وتشرف	وتشرف	noun_prop	وتشرف	وتشرف
02_Vereinte_Nationen_Rassismus.docx.txt	على	عَلَى	prep	على	عَلَى
02_Vereinte_Nationen_Rassismus.docx.txt	هذه	هٰذِهِ	pron_dem	هذا	هٰذا
02_Vereinte_Nationen_Rassismus.docx.txt	الأنشطة	الأَنْشِطَةِ	noun	نشاط	نَشاط
02_Vereinte_Nationen_Rassismus.docx.txt	مجموعة	مَجْمُوعَةُ	noun	مجموعة	مَجْمُوعَة
02_Vereinte_Nationen_Rassismus.docx.txt	عمل	عَمَلٍ	noun	عمل	عَمَل
02_Vereinte_Nationen_Rassismus.docx.txt	داخلية	داخِلِيَّةٌ	adj	داخلي	داخِلِيّ
02_Vereinte_Nationen_Rassismus.docx.txt	تقوم	تَقُوم	verb	قام	قام
02_Vereinte_Nationen_Rassismus.docx.txt	بتطوير	بِتَطْوِيرِ	noun	تطوير	تَطْوِير
02_Vereinte_Nationen_Rassismus.docx.txt	خطة	خُطَّة	noun	خطة	خُطَّة
02_Vereinte_Nationen_Rassismus.docx.txt	عمل	عَمَلٍ	noun	عمل	عَمَل
02_Vereinte_Nationen_Rassismus.docx.txt	إستراتيجية	إِسْتراتِيجِيَّةٍ	adj	إستراتيجي	إِسْتراتِيجِيّ
02_Vereinte_Nationen_Rassismus.docx.txt	طويلة	طَوِيلَةَ	adj	طويل	طَوِيل
02_Vereinte_Nationen_Rassismus.docx.txt	الأمد	الأَمَدِ	noun	أمبير	أَمْبِير
02_Vereinte_Nationen_Rassismus.docx.txt	لتعزيز	لِتَعْزِيزِ	noun	تعزيز	تَعْزِيز
02_Vereinte_Nationen_Rassismus.docx.txt	التنوع	التنوع	noun_prop	التنوع	التنوع
02_Vereinte_Nationen_Rassismus.docx.txt	والشمول	وَالشُمُولِ	noun	شمول	شُمُول
02_Vereinte_Nationen_Rassismus.docx.txt	ووضع	وَوَضْعِ	noun	وضع	وَضْع
02_Vereinte_Nationen_Rassismus.docx.txt	سياسات	سِياساتٍ	noun	سياسة	سِياسَة
02_Vereinte_Nationen_Rassismus.docx.txt	وأدوات	وَأَدَواتٍ	noun	أداة	أَداة
02_Vereinte_Nationen_Rassismus.docx.txt	تكفل	تَكْفُل	verb	كفل	كَفَل
02_Vereinte_Nationen_Rassismus.docx.txt	توفير	تَوْفِيرَ	noun	توفير	تَوْفِير
02_Vereinte_Nationen_Rassismus.docx.txt	بيئة	بِيئَةٍ	noun	بيئة	بِيئَة
02_Vereinte_Nationen_Rassismus.docx.txt	آمنة	آمِنَةٍ	noun	آمن	آمِن
02_Vereinte_Nationen_Rassismus.docx.txt	يمكن	يُمَكِّن	verb	مكن	مَكَّن
02_Vereinte_Nationen_Rassismus.docx.txt	في	فِي	prep	في	فِي
02_Vereinte_Nationen_Rassismus.docx.txt	إطارها	إِطارِها	noun	إطار	إِطار
02_Vereinte_Nationen_Rassismus.docx.txt	الإبلاغ	الإِبْلاغُ	noun	إبلاغ	إِبْلاغ
02_Vereinte_Nationen_Rassismus.docx.txt	عن	عَن	prep	عن	عَن
02_Vereinte_Nationen_Rassismus.docx.txt	العنصرية	العُنْصُرِيَّةِ	noun	عنصرية	عُنْصُرِيَّة
02_Vereinte_Nationen_Rassismus.docx.txt	داخل	داخِلَ	noun	داخل	داخِل
02_Vereinte_Nationen_Rassismus.docx.txt	الأمانة	الأَمانَةِ	noun	أمانة	أَمانَة
02_Vereinte_Nationen_Rassismus.docx.txt	العامة	العامَّة	noun	عامة	عامَّة
02_Vereinte_Nationen_Rassismus.docx.txt	للأم	لِلأُمِّ	noun	أم	أُمّ
02_Vereinte_Nationen_Rassismus.docx.txt	المتحده	المتحده	noun_prop	المتحده	المتحده
02_Vereinte_Nationen_Rassismus.docx.txt	والوكالات	وَالوَكالاتِ	noun	وكالة	وِكالَة
02_Vereinte_Nationen_Rassismus.docx.txt	الأممية	الأُمَمِيَّةِ	adj	أممي	أُمَمِيّ
02_Vereinte_Nationen_Rassismus.docx.txt	،	،	punc	،	،
02_Vereinte_Nationen_Rassismus.docx.txt	ومعالجتها	وَمُعالَجَتِها	noun	معالجة	مُعالَجَة
02_Vereinte_Nationen_Rassismus.docx.txt	بشكل	بِشَكْلٍ	noun	شكل	شَكْل
02_Vereinte_Nationen_Rassismus.docx.txt	سريع	سَرِيعٍ	adj	سريع	سَرِيع
02_Vereinte_Nationen_Rassismus.docx.txt	بدون	بِدُونِ	noun	دون	دُون
02_Vereinte_Nationen_Rassismus.docx.txt	خوف	خَوْفٍ	noun	خوف	خَوْف
02_Vereinte_Nationen_Rassismus.docx.txt	من	مِن	prep	من	مِن
02_Vereinte_Nationen_Rassismus.docx.txt	أي	أَيّ	pron_rel	أي	أَيّ
02_Vereinte_Nationen_Rassismus.docx.txt	أعمال	أَعْمالٍ	noun	عمل	عَمَل
02_Vereinte_Nationen_Rassismus.docx.txt	انتقامية	اِنْتِقامِيَّةٍ	adj	ٱنتقامي	ٱِنْتِقامِيّ
02_Vereinte_Nationen_Rassismus.docx.txt	.	.	punc	.	.
02_Vereinte_Nationen_Rassismus.docx.txt	ودعا	وَدَعا	verb	دعا	دَعا
02_Vereinte_Nationen_Rassismus.docx.txt	الأمين	الأَمِينُ	noun	أمين	أَمِين
02_Vereinte_Nationen_Rassismus.docx.txt	العام	العام	noun_prop	العام	العام
02_Vereinte_Nationen_Rassismus.docx.txt	الدول	الدُوَلَ	noun	دولة	دَوْلَة
02_Vereinte_Nationen_Rassismus.docx.txt	الأعضاء	الأَعْضاءَ	noun	عضو	عُضْو
02_Vereinte_Nationen_Rassismus.docx.txt	بالأمم	بِالأُمَمِ	noun	أمة	أُمَّة
02_Vereinte_Nationen_Rassismus.docx.txt	المتحده	المتحده	noun_prop	المتحده	المتحده
02_Vereinte_Nationen_Rassismus.docx.txt	إلى	إِلَى	prep	إلى	إِلَى
02_Vereinte_Nationen_Rassismus.docx.txt	دعم	دَعْمِ	noun	دعم	دَعْم
02_Vereinte_Nationen_Rassismus.docx.txt	هذه	هٰذِهِ	pron_dem	هذا	هٰذا
02_Vereinte_Nationen_Rassismus.docx.txt	الجهود	الجُهُودِ	noun	جهد	جَهْد
02_Vereinte_Nationen_Rassismus.docx.txt	.	.	punc	.	.
02_Vereinte_Nationen_Rassismus.docx.txt	واختتم	وَاِخْتَتَمَ	verb	ٱختتم	ٱِخْتَتَم
02_Vereinte_Nationen_Rassismus.docx.txt	أمين	أَمِينُ	noun	أمين	أَمِين
02_Vereinte_Nationen_Rassismus.docx.txt	عام	عام	noun	عام	عام
02_Vereinte_Nationen_Rassismus.docx.txt	الأمم	الأُمَمِ	noun	أمة	أُمَّة
02_Vereinte_Nationen_Rassismus.docx.txt	المتحده	المتحده	noun_prop	المتحده	المتحده
02_Vereinte_Nationen_Rassismus.docx.txt	كلمته	كَلِمَتَهُ	noun	كلمة	كَلِمَة
02_Vereinte_Nationen_Rassismus.docx.txt	بالقول	بِالقَوْلِ	noun	قول	قَوْل
02_Vereinte_Nationen_Rassismus.docx.txt	:	:	punc	:	:
02_Vereinte_Nationen_Rassismus.docx.txt	معا	معا	noun_prop	معا	معا
02_Vereinte_Nationen_Rassismus.docx.txt	،	،	punc	،	،
02_Vereinte_Nationen_Rassismus.docx.txt	يمكننا	يُمَكِّننا	verb	مكن	مَكَّن
02_Vereinte_Nationen_Rassismus.docx.txt	أحداث	أَحْداثُ	noun	حدث	حَدَث
02_Vereinte_Nationen_Rassismus.docx.txt	تغيير	تَغْيِيرٍ	noun	تغيير	تَغْيِير
02_Vereinte_Nationen_Rassismus.docx.txt	في	فِي	prep	في	فِي
02_Vereinte_Nationen_Rassismus.docx.txt	النظم	النظم	noun_prop	النظم	النظم
02_Vereinte_Nationen_Rassismus.docx.txt	والمؤسسات	وَالمُؤَسَّساتِ	noun	مؤسسة	مُؤَسَّسَة
02_Vereinte_Nationen_Rassismus.docx.txt	وبناء	وَبِناءَ	noun	بناء	بِناء
02_Vereinte_Nationen_Rassismus.docx.txt	عالم	عالَمٍ	noun	عالم	عالَم
02_Vereinte_Nationen_Rassismus.docx.txt	أكثر	أَكْثَرَ	adj	أكثر	أَكْثَر
02_Vereinte_Nationen_Rassismus.docx.txt	شمولا	شُمُولاً	noun	شمول	شُمُول
02_Vereinte_Nationen_Rassismus.docx.txt	ومساواة	وَمُساواةً	noun	مساواة	مُساواة
02_Vereinte_Nationen_Rassismus.docx.txt	واستدامه	وَاستدامه	noun_prop	استدامه	استدامه
02_Vereinte_Nationen_Rassismus.docx.txt	،	،	punc	،	،
02_Vereinte_Nationen_Rassismus.docx.txt	وتعزيز	وَتَعْزِيزَ	noun	تعزيز	تَعْزِيز
02_Vereinte_Nationen_Rassismus.docx.txt	التفاهم	التَفاهُمِ	noun	تفاهم	تَفاهُم
02_Vereinte_Nationen_Rassismus.docx.txt	المتبادل	المُتَبادَلِ	adj	متبادل	مُتَبادَل
02_Vereinte_Nationen_Rassismus.docx.txt	والكرامة	وَالكَرامَةِ	noun	كرامة	كَرامَة
02_Vereinte_Nationen_Rassismus.docx.txt	الإنسانية	الإِنْسانِيَّةِ	adj	إنساني	إِنْسانِيّ
02_Vereinte_Nationen_Rassismus.docx.txt	وإعادة	وَإِعادَةِ	noun	إعادة	إِعادَة
02_Vereinte_Nationen_Rassismus.docx.txt	تصور	تَصَوُّر	noun	تصور	تَصَوُّر
02_Vereinte_Nationen_Rassismus.docx.txt	المساواة	المُساواةِ	noun	مساواة	مُساواة
02_Vereinte_Nationen_Rassismus.docx.txt	.	.	punc	.	.
02_Vereinte_Nationen_Rassismus.docx.txt	المصدر	المَصْدَرُ	noun	مصدر	مَصْدَر
02_Vereinte_Nationen_Rassismus.docx.txt	:	:	punc	:	:
02_Vereinte_Nationen_Rassismus.docx.txt	أخبار	أَخْبارُ	noun	خبر	خَبَر
02_Vereinte_Nationen_Rassismus.docx.txt	الأمم	الأُمَمِ	noun	أمة	أُمَّة
02_Vereinte_Nationen_Rassismus.docx.txt	المتحده	المتحده	noun_prop	المتحده	المتحده
02_Vereinte_Nationen_Rassismus.docx.txt	18	18	digit	18	18
02_Vereinte_Nationen_Rassismus.docx.txt	.	.	punc	.	.
02_Vereinte_Nationen_Rassismus.docx.txt	02	02	digit	02	02
02_Vereinte_Nationen_Rassismus.docx.txt	.	.	punc	.	.
02_Vereinte_Nationen_Rassismus.docx.txt	2021	2021	digit	2021	2021
02_Vereinte_Nationen_Rassismus.docx.txt	Leicht	Leicht	foreign	Leicht	Leicht
02_Vereinte_Nationen_Rassismus.docx.txt	verändert	verändert	foreign	verändert	verändert
02_Vereinte_Nationen_Rassismus.docx.txt	und	und	foreign	und	und
02_Vereinte_Nationen_Rassismus.docx.txt	gekürzt	gekürzt	foreign	gekürzt	gekürzt
02_Vereinte_Nationen_Rassismus.docx.txt	aus	aus	foreign	aus	aus
02_Vereinte_Nationen_Rassismus.docx.txt	:	:	punc	:	:
02_Vereinte_Nationen_Rassismus.docx.txt	https	https	foreign	https	https
02_Vereinte_Nationen_Rassismus.docx.txt	:	:	punc	:	:
02_Vereinte_Nationen_Rassismus.docx.txt	/	/	punc	/	/
02_Vereinte_Nationen_Rassismus.docx.txt	/	/	punc	/	/
02_Vereinte_Nationen_Rassismus.docx.txt	www	www	foreign	www	www
02_Vereinte_Nationen_Rassismus.docx.txt	.	.	punc	.	.
02_Vereinte_Nationen_Rassismus.docx.txt	un	un	foreign	un	un
02_Vereinte_Nationen_Rassismus.docx.txt	.	.	punc	.	.
02_Vereinte_Nationen_Rassismus.docx.txt	org	org	foreign	org	org
02_Vereinte_Nationen_Rassismus.docx.txt	/	/	punc	/	/
02_Vereinte_Nationen_Rassismus.docx.txt	ar	ar	foreign	ar	ar
02_Vereinte_Nationen_Rassismus.docx.txt	/	/	punc	/	/
02_Vereinte_Nationen_Rassismus.docx.txt	desa	desa	foreign	desa	desa
02_Vereinte_Nationen_Rassismus.docx.txt	/	/	punc	/	/
02_Vereinte_Nationen_Rassismus.docx.txt	ecosoc	ecosoc	foreign	ecosoc	ecosoc
02_Vereinte_Nationen_Rassismus.docx.txt	-	-	punc	-	-
02_Vereinte_Nationen_Rassismus.docx.txt	special	special	foreign	special	special
02_Vereinte_Nationen_Rassismus.docx.txt	-	-	punc	-	-
02_Vereinte_Nationen_Rassismus.docx.txt	meeting	meeting	foreign	meeting	meeting
02_Vereinte_Nationen_Rassismus.docx.txt	-	-	punc	-	-
02_Vereinte_Nationen_Rassismus.docx.txt	on	on	foreign	on	on
02_Vereinte_Nationen_Rassismus.docx.txt	-	-	punc	-	-
02_Vereinte_Nationen_Rassismus.docx.txt	racism	racism	foreign	racism	racism
02_Vereinte_Nationen_Rassismus.docx.txt	-	-	punc	-	-
02_Vereinte_Nationen_Rassismus.docx.txt	2021	2021	digit	2021	2021